FacultyID,FirstName,LastName,DateOfBirth,Gender,Email,PhoneNumber,HireDate,Department,Title,ResearchInterest,Image
651365,Maxwell,Evans,1962-12-08,Male,gbass@example.com,730.912.5558x1351,2002-10-10,Business,Lecturer,Fact fill chair.,https://picsum.photos/69/658
553756,Gregory,Allen,1959-06-26,Male,eduardolarson@example.org,445-680-9476,2001-05-21,Computer Science,Assistant Professor,Growth measure candidate.,https://placekitten.com/876/269
550158,Paul,Parker,1959-12-05,Male,iperry@example.org,+1-955-647-8287,2013-02-08,Engineering,Associate Professor,Certain song know.,https://picsum.photos/42/808
721850,Katelyn,White,1975-09-15,Female,vdavidson@example.com,8735893055,2010-12-15,Computer Science,Lecturer,Example spring same and field speech.,https://picsum.photos/268/801
876229,John,Ford,1975-12-03,Male,danielwood@example.org,001-567-206-8376,2002-11-10,Computer Science,Professor,Serve my together center fine.,https://placekitten.com/217/976
273630,Maria,Cole,1961-02-10,Female,daniel13@example.org,(684)218-1510,2023-10-05,Computer Science,Professor,Month imagine chair rate.,https://placekitten.com/130/332
255346,Lisa,Stevens,1994-11-22,Male,tracy86@example.com,001-767-868-6969x351,2017-04-26,Business,Associate Professor,Development ask answer claim direction relationship.,https://dummyimage.com/401x614
342385,Joy,Baker,1989-02-07,Female,haysdaniel@example.net,630-832-2017x5651,2004-12-21,Computer Science,Assistant Professor,Drug nor represent expert leave.,https://dummyimage.com/5x329
575454,Antonio,Harrell,1968-05-19,Female,james81@example.net,484-324-1880,2004-03-22,Business,Professor,Standard room budget magazine bring.,https://placekitten.com/291/468
693673,Kelly,Padilla,1976-08-21,Female,hayden42@example.com,636-856-6703,2024-08-29,Business,Professor,Meeting woman apply.,https://picsum.photos/190/541
482170,David,Daniels,1984-08-19,Female,manningsteven@example.org,+1-485-551-8223x24143,2023-11-10,Computer Science,Assistant Professor,Trade hospital me race near always.,https://picsum.photos/214/281
456619,Brian,Ortiz,1973-04-03,Female,linda19@example.net,001-702-522-5360x12025,2008-07-26,Engineering,Assistant Professor,Create miss clearly others amount.,https://placekitten.com/891/291
111377,Sabrina,Ruiz,1983-06-06,Male,tarcher@example.com,6796429487,2011-08-30,Computer Science,Lecturer,Else talk market.,https://dummyimage.com/852x168
630681,Elizabeth,Cross,1967-06-21,Female,angelasimpson@example.org,001-819-301-1468,2020-06-25,Computer Science,Professor,Well dinner feeling talk just listen.,https://picsum.photos/992/696
508913,Elizabeth,Thomas,1972-01-14,Male,burketodd@example.com,999-240-0848,2015-09-20,Computer Science,Professor,Six board establish.,https://picsum.photos/158/697
734401,Cheryl,Petty,1964-07-30,Male,kelly21@example.com,389-417-1260,2005-09-25,Biology,Lecturer,Moment enjoy spend company now head.,https://placekitten.com/966/352
574509,Eric,Moore,1994-04-14,Male,amberbender@example.net,737-356-1611,2015-07-16,Business,Lecturer,Scientist blue sea.,https://picsum.photos/20/8
91630,Cristian,Cox,1968-04-07,Female,madison39@example.net,+1-968-949-9932x10195,2012-12-09,Computer Science,Assistant Professor,Partner dark opportunity he.,https://placekitten.com/735/975
290761,Amanda,Daniels,1970-09-24,Male,smithjustin@example.net,805-782-2671x94541,2002-01-31,Computer Science,Lecturer,Couple discuss easy.,https://picsum.photos/458/658
996663,Julie,Murray,1981-06-17,Male,mackenzie07@example.net,001-349-420-1079x025,2004-09-28,Business,Lecturer,Huge month commercial.,https://placekitten.com/273/709
713426,Robert,Murray,1962-02-01,Female,turnerthomas@example.net,990-745-3437,2014-06-17,Engineering,Professor,South at movie dream.,https://placekitten.com/230/229
909348,Paul,Richardson,1990-09-10,Male,moorebryan@example.net,416-660-9562x56960,2015-02-21,Computer Science,Professor,Ago response style image.,https://placekitten.com/663/300
86799,Alfred,Mccormick,1961-06-17,Male,johnsoncarolyn@example.com,584.933.6142x67083,2018-10-27,Business,Assistant Professor,Foreign since image.,https://placekitten.com/1011/72
552024,Tara,Thompson,1977-03-20,Male,watsonandrew@example.org,(534)227-3859,2016-08-12,Business,Associate Professor,Agree end read order like.,https://placekitten.com/691/959
60848,Jeremy,Walls,1985-12-01,Female,wblake@example.net,+1-794-587-9465x46181,2004-12-01,Engineering,Associate Professor,Reach think draw.,https://picsum.photos/560/898
309233,Danielle,Abbott,1962-04-17,Male,matthewneal@example.org,(258)437-4815x61745,2014-06-29,Computer Science,Assistant Professor,Agree Mrs operation field performance.,https://placekitten.com/950/540
88157,Bradley,West,1975-05-26,Male,moorebrandon@example.org,001-972-726-7816x095,2023-03-13,Computer Science,Lecturer,Black case morning language.,https://placekitten.com/709/415
383011,Megan,Hamilton,1986-07-19,Male,dcarlson@example.org,+1-272-515-1755,2014-12-17,Computer Science,Assistant Professor,Smile early performance full artist hope.,https://dummyimage.com/539x207
196519,Matthew,Cook,1979-01-27,Female,yvonne66@example.com,(346)763-4784x3862,2019-12-22,Business,Associate Professor,Buy yet material.,https://dummyimage.com/589x92
590523,James,Wilson,1981-05-21,Male,markfox@example.net,(940)653-3390,2006-12-26,Engineering,Professor,Together find black.,https://picsum.photos/251/104
748044,Nancy,Ortega,1978-09-10,Female,cuevasmichelle@example.org,+1-405-404-1893x2579,2003-09-06,Business,Professor,Recent amount mouth away down.,https://dummyimage.com/404x215
74763,Kyle,Phillips,1970-05-30,Male,thomasbarton@example.org,973.338.4214x248,2005-06-19,Engineering,Lecturer,Now response quality official paper identify.,https://dummyimage.com/462x467
224543,Barbara,Wilson,1982-11-11,Male,bookerjames@example.org,5578607948,2005-07-17,Business,Professor,Skill television rise myself.,https://placekitten.com/683/331
804053,Matthew,Wallace,1968-07-29,Female,snolan@example.com,481-782-4865x420,2020-04-05,Computer Science,Lecturer,Expert far can.,https://placekitten.com/403/161
206286,Angela,Moore,1975-01-09,Female,glennwhite@example.org,2487894098,2011-12-01,Engineering,Lecturer,Often affect tough president choice.,https://placekitten.com/70/811
233179,Shelly,Brown,1975-03-30,Female,debra27@example.net,+1-591-751-7393x7451,2006-10-07,Engineering,Assistant Professor,Street product deal often fill decision.,https://placekitten.com/1005/620
542694,Jose,Murphy,1961-11-23,Male,millerlisa@example.net,001-607-589-2566x468,2007-07-21,Engineering,Professor,Break ten live charge democratic recently.,https://dummyimage.com/631x348
300143,Jason,Barr,1982-06-18,Male,matthew62@example.net,+1-498-341-8776x429,2014-01-01,Biology,Professor,Challenge forget quite rock structure blood.,https://placekitten.com/967/3
821079,Ian,Taylor,1983-01-12,Male,katelyn65@example.net,001-401-314-5569x04721,2014-12-07,Computer Science,Assistant Professor,Difference have management beyond certain law.,https://placekitten.com/209/717
736424,Alexis,Smith,1965-03-06,Male,murphymichele@example.org,(962)354-8297x641,2008-07-12,Biology,Lecturer,Early always but.,https://dummyimage.com/862x501
32887,Jonathan,Howard,1966-01-02,Male,mcrosby@example.net,679.817.3689x658,2006-06-04,Computer Science,Assistant Professor,Person international late music similar maybe.,https://placekitten.com/517/560
368967,Jason,Randolph,1963-12-08,Male,nmccoy@example.net,(788)984-4499x05719,2023-06-16,Business,Associate Professor,None sell bed continue particularly TV.,https://dummyimage.com/954x980
927563,Jeffery,Jones,1970-02-17,Male,umoore@example.org,001-989-543-1778x7197,2012-04-23,Biology,Lecturer,Course management little.,https://dummyimage.com/80x299
891766,Sarah,Brandt,1965-05-22,Male,hthompson@example.com,769-434-7950x23674,2016-01-30,Business,Professor,Forward professor third message.,https://placekitten.com/677/967
971930,John,Miller,1993-11-08,Female,mckinneymartha@example.net,4749065482,2015-12-05,Engineering,Lecturer,How animal pay much.,https://placekitten.com/914/924
671433,Kevin,Adams,1963-09-12,Female,fjohnson@example.org,308-437-9377,2010-02-07,Biology,Professor,Region nice anyone.,https://picsum.photos/983/433
728169,Ryan,Farmer,1962-09-14,Male,zbrooks@example.com,+1-289-872-9177,2009-06-15,Engineering,Professor,Ever clearly three.,https://placekitten.com/977/295
725108,Leah,Cardenas,1987-07-02,Male,williamsshannon@example.net,316-289-1447,2005-02-10,Biology,Lecturer,Apply enter can citizen.,https://dummyimage.com/897x653
227227,Lisa,Peck,1980-06-21,Male,lorr@example.org,001-244-364-6550x02602,2003-07-01,Computer Science,Lecturer,Above fish late age.,https://dummyimage.com/207x530
636900,Stacy,Martin,1974-02-12,Female,davidfernandez@example.org,(474)288-0746x90005,2004-09-09,Engineering,Associate Professor,Around term spend Congress tax clear.,https://picsum.photos/729/739
797854,Alexander,Keller,1986-09-13,Male,ijones@example.com,+1-956-789-4571,2013-09-15,Engineering,Lecturer,Simply region government building business strategy.,https://dummyimage.com/626x246
483214,Eric,Wilson,1976-09-05,Male,williamskimberly@example.org,001-860-927-6806x17404,2009-12-30,Business,Assistant Professor,Early some control trouble.,https://picsum.photos/907/279
73074,Tammy,Johnson,1994-12-06,Male,william23@example.net,901.801.6128,2013-10-03,Biology,Associate Professor,Such wait job.,https://dummyimage.com/267x1024
175732,Elizabeth,Kelley,1993-02-25,Female,mary17@example.net,488-481-1032x65261,2007-12-15,Biology,Lecturer,Build some any many mouth term deep.,https://placekitten.com/155/59
416855,Kristina,Simmons,1969-04-06,Male,abailey@example.com,312-410-7238x14505,2014-03-02,Business,Professor,Always goal store consider way.,https://picsum.photos/134/7
516674,Nicole,Jackson,1980-06-30,Male,portergary@example.net,(737)643-6282x403,2002-07-26,Business,Associate Professor,Strong thus have against thank citizen.,https://picsum.photos/342/420
603351,Denise,Ford,1960-11-25,Male,colson@example.net,+1-406-397-0407,2007-08-16,Business,Assistant Professor,Time likely those so although board.,https://picsum.photos/524/668
703344,Karl,Frank,1973-10-13,Male,dawnpena@example.net,538-406-5657,2024-08-24,Biology,Professor,Choose we law.,https://dummyimage.com/650x880
637767,Joshua,Martinez,1960-12-12,Female,thomasmoss@example.com,(318)913-8845x50086,2024-03-31,Business,Lecturer,Among question attorney explain star society.,https://dummyimage.com/725x882
1974,Tyler,Armstrong,1959-03-27,Male,abigailpoole@example.net,860.401.9095x41285,2019-08-29,Engineering,Lecturer,Billion thank record animal.,https://dummyimage.com/821x94
903372,Brooke,Curry,1977-02-27,Male,rosalesjacob@example.com,001-227-610-2242x112,2021-08-22,Computer Science,Assistant Professor,Another remain market sport.,https://placekitten.com/991/890
632009,Brett,Li,1962-02-03,Male,douglashughes@example.com,762.452.1823x825,2017-12-07,Biology,Associate Professor,Leader treat inside.,https://dummyimage.com/626x907
392343,Thomas,Allen,1991-05-11,Female,monica02@example.org,001-679-304-9590x916,2004-08-03,Biology,Assistant Professor,Religious role produce education serious.,https://picsum.photos/643/973
824605,Kevin,Murray,1965-02-28,Female,wjohnson@example.net,987-654-0903x67285,2000-03-11,Engineering,Associate Professor,House process they market.,https://placekitten.com/123/698
329990,Christopher,Black,1959-03-23,Male,sjones@example.net,001-882-411-1774,2017-05-29,Biology,Assistant Professor,Final market move.,https://dummyimage.com/997x512
702567,Jasmine,Bowen,1987-12-15,Female,molly40@example.com,001-952-993-4085x7017,2007-01-17,Engineering,Assistant Professor,Current firm have.,https://placekitten.com/1024/997
787453,Karen,Ellis,1978-02-21,Male,roberthorn@example.com,784-322-0667x53017,2012-05-23,Business,Associate Professor,Ask company firm dog rest mean.,https://placekitten.com/970/476
269671,Keith,Davis,1973-03-08,Male,edward48@example.net,974.930.3335,2022-03-27,Business,Assistant Professor,Late drop Mrs wrong.,https://picsum.photos/221/370
75244,Michael,Cervantes,1989-04-12,Female,isolis@example.com,001-912-668-5313x41591,2008-01-10,Computer Science,Lecturer,Arm mean idea free child smile.,https://picsum.photos/375/900
343274,John,Rodriguez,1966-11-07,Male,davenportruth@example.com,+1-717-838-8732x4738,2011-10-07,Computer Science,Associate Professor,Exist vote behavior commercial.,https://placekitten.com/678/583
31874,Jennifer,Wiley,1989-10-17,Male,michael54@example.net,898-327-0417x30751,2003-05-15,Engineering,Lecturer,Official these pressure religious author heart.,https://placekitten.com/733/119
642173,David,Knight,1988-03-27,Male,pereznicole@example.org,(824)351-3015x52641,2014-04-12,Computer Science,Assistant Professor,Whole guess bed look old analysis.,https://dummyimage.com/977x653
816953,Elizabeth,Nunez,1975-04-02,Male,phillip03@example.org,001-407-998-5026,2010-10-28,Computer Science,Assistant Professor,Information decade benefit finally.,https://placekitten.com/957/271
225311,Jeremy,Clay,1970-08-21,Female,gregoryolson@example.org,341-490-3587x3184,2019-03-27,Engineering,Assistant Professor,Five one past ready.,https://picsum.photos/492/628
847263,Margaret,May,1986-08-27,Female,yross@example.net,+1-925-600-1020x174,2023-04-30,Business,Associate Professor,Dark establish he important season need.,https://placekitten.com/377/597
867295,Kimberly,Bates,1985-09-01,Male,patricia10@example.com,361.963.3563x904,2016-09-07,Business,Assistant Professor,Particular fact enjoy throw.,https://dummyimage.com/283x691
267924,James,Smith,1988-09-04,Female,mperez@example.net,847-763-4893,2009-08-16,Computer Science,Professor,Yes discussion media attention safe.,https://dummyimage.com/607x311
265824,Troy,Key,1968-09-15,Male,carlos40@example.net,277-878-4384x77152,2011-02-10,Computer Science,Professor,Because rise whatever.,https://picsum.photos/99/260
475454,Michael,Brown,1968-11-06,Male,christina76@example.com,2325781493,2020-04-20,Engineering,Associate Professor,Rate turn half community commercial.,https://dummyimage.com/823x110
110045,Jeremy,Guzman,1994-09-04,Male,ochan@example.com,899.691.8615x909,2000-04-13,Computer Science,Lecturer,Technology and may painting.,https://dummyimage.com/323x974
251836,Steven,White,1981-04-04,Male,chad40@example.org,001-316-393-7265x76612,2017-06-27,Computer Science,Professor,Three attention house.,https://dummyimage.com/789x734
148852,Elaine,Williams,1962-02-12,Female,lowechristopher@example.org,388.473.1428x733,2008-02-23,Computer Science,Professor,Heart before body garden.,https://placekitten.com/474/886
553955,Brandon,Walker,1984-09-07,Female,kimberlyryan@example.net,206.752.7742,2015-08-21,Computer Science,Assistant Professor,Piece hospital third factor beat.,https://dummyimage.com/291x530
767563,April,Thomas,1989-07-06,Male,peterperez@example.net,+1-536-544-5685,2006-05-03,Computer Science,Lecturer,Stay owner coach improve.,https://picsum.photos/149/847
193480,Alex,Rollins,1964-06-02,Female,sanchezchristopher@example.com,(628)254-1396,2016-12-07,Business,Associate Professor,Bring side drop person.,https://placekitten.com/186/776
231659,April,Holland,1989-05-31,Female,bjones@example.org,+1-765-256-6890x497,2011-04-03,Engineering,Professor,Most cold safe.,https://picsum.photos/704/822
710028,Michael,Barker,1966-05-29,Female,hernandezjacqueline@example.org,001-686-414-9885x2700,2008-06-13,Computer Science,Lecturer,Scientist site thousand night explain news.,https://placekitten.com/614/249
621245,Mary,Perez,1977-07-14,Female,marymaynard@example.com,207-458-3799x402,2010-10-06,Engineering,Lecturer,Push example after stage couple production.,https://dummyimage.com/687x758
611518,William,Lee,1967-12-05,Female,rachaelfranco@example.com,288-400-2358x696,2004-02-23,Biology,Assistant Professor,Traditional plan nearly rise what with.,https://picsum.photos/20/832
665531,Shane,Romero,1980-07-03,Male,angela42@example.com,912-845-0340x379,2023-07-08,Engineering,Professor,Company character concern trial.,https://picsum.photos/995/187
427505,Shawn,Lewis,1963-10-16,Female,xyoung@example.net,888-529-0348x41259,2013-05-30,Business,Assistant Professor,Team most machine.,https://placekitten.com/6/374
646371,Scott,Brown,1987-03-12,Female,chris48@example.net,461.486.4041x256,2018-09-26,Computer Science,Professor,Somebody look especially fund.,https://picsum.photos/184/301
953255,Joel,Hamilton,1969-02-11,Male,ethan60@example.net,7247102570,2001-12-05,Business,Assistant Professor,Front feel course bed.,https://picsum.photos/510/949
777870,Gregory,Paul,1971-11-10,Female,hsawyer@example.org,(784)792-7270x8088,2013-05-27,Engineering,Lecturer,Every image former.,https://placekitten.com/526/165
709255,Tiffany,Russell,1963-04-25,Female,eric07@example.net,357.553.2430x472,2007-07-24,Computer Science,Lecturer,Weight serve food.,https://dummyimage.com/783x1014
254930,Marie,Stevens,1993-07-12,Female,james78@example.org,651-449-8252x54248,2002-09-25,Engineering,Lecturer,Most man name seek fight.,https://placekitten.com/520/301
533212,Patrick,Luna,1979-03-29,Female,deborah96@example.net,336.818.2973,2004-04-20,Engineering,Assistant Professor,Section course at.,https://placekitten.com/508/164
828968,Robin,Stanton,1979-04-19,Female,reyescourtney@example.org,+1-640-773-8741,2011-05-09,Computer Science,Professor,His central bit.,https://picsum.photos/50/432
114681,Katherine,Mercado,1982-06-23,Female,teresa00@example.org,001-551-427-0049x42826,2009-12-06,Engineering,Lecturer,Follow offer cell where open.,https://picsum.photos/250/807
319181,Jesse,Rogers,1993-01-03,Male,ocollins@example.com,(462)359-5792,2004-09-23,Business,Assistant Professor,Shoulder involve theory lose.,https://dummyimage.com/616x586
